{"cameraMode":{"drawMode":0,"name":"Shaded","section":"Shading Mode"},"sceneLighting":true,"audioPlay":false,"sceneViewState":{"m_AlwaysRefresh":false,"showFog":true,"showSkybox":true,"showFlares":true,"showImageEffects":true,"showParticleSystems":true,"showVisualEffectGraphs":true,"m_FxEnabled":true},"in2DMode":false,"pivot":{"x":2.455331802368164,"y":2.9784669876098635,"z":-9.399870872497559},"rotation":{"x":0.1560523808002472,"y":-0.050351500511169437,"z":0.007965202443301678,"w":0.986434817314148},"size":6.900678634643555,"orthographic":true}